name,movie,artists,year,file_size,genres,banner_img,source,audio_source,related_files
Aye Zindagi,1920 Horrors Of The Heart 128 Kbps.mp3,"Esha Gaur, Farhan Sabri",2023,[4298.8 Kb],,,https://mazafree.com/file/560143/aye-zindagi-1920-horrors-of-the-heart-128-kbps.html,https://mazafree.com/load/Mp3 Audio Songs/2023 Bollywood Mp3 Music/1920 Horrors Of The Heart Mp3 Songs/Aye Zindagi - 1920 Horrors Of The Heart Mp3 Song/Aye Zindagi - 1920 Horrors Of The Heart 128 Kbps.mp3,Aye Zindagi - 1920 Horrors Of The Heart 320 Kbps.mp3
Ambar Se Toda,RRR 128 Kbps.mp3,Raag Patel,2022,[4508.86 Kb],,,https://mazafree.com/file/548124/ambar-se-toda-rrr-128-kbps.html,https://mazafree.com/load/Mp3 Audio Songs/2021 Bollywood Mp3 Music/RRR Mp3 Songs/Ambar Se Toda - RRR Mp3 Song/Ambar Se Toda - RRR 128 Kbps.mp3,Ambar Se Toda - RRR 320 Kbps.mp3
Ram Sita,14 Phere 128 Kbps.mp3,Rekha Bhardwaj,2021,[5292.26 Kb],,,https://mazafree.com/file/539341/ram-sita-14-phere-128-kbps.html,https://mazafree.com/load/Mp3 Audio Songs/2021 Bollywood Mp3 Music/14 Phere Mp3 Songs/Ram Sita - 14 Phere Mp3 Song/Ram Sita - 14 Phere 128 Kbps.mp3,Ram Sita - 14 Phere 320 Kbps.mp3
Ambar Se Toda,RRR 320 Kbps.mp3,Raag Patel,2022,[11169.48 Kb],,,https://mazafree.com/file/548125/ambar-se-toda-rrr-320-kbps.html,https://mazafree.com/load/Mp3 Audio Songs/2021 Bollywood Mp3 Music/RRR Mp3 Songs/Ambar Se Toda - RRR Mp3 Song/Ambar Se Toda - RRR 320 Kbps.mp3,Ambar Se Toda - RRR 128 Kbps.mp3
Zaroori Hai Female Version,1920 Horrors Of The Heart 128 Kbps.mp3,Palak Mucchal,2023,[3459.27 Kb],,,https://mazafree.com/file/560153/zaroori-hai-female-version-1920-horrors-of-the-heart-128-kbps.html,https://mazafree.com/load/Mp3 Audio Songs/2023 Bollywood Mp3 Music/1920 Horrors Of The Heart Mp3 Songs/Zaroori Hai Female Version - 1920 Horrors Of The Heart Mp3 Song/Zaroori Hai Female Version - 1920 Horrors Of The Heart 128 Kbps.mp3,Zaroori Hai Female Version - 1920 Horrors Of The Heart 320 Kbps.mp3
Ram Sita,14 Phere 320 Kbps.mp3,Rekha Bhardwaj,2021,[13134.5 Kb],,,https://mazafree.com/file/539342/ram-sita-14-phere-320-kbps.html,https://mazafree.com/load/Mp3 Audio Songs/2021 Bollywood Mp3 Music/14 Phere Mp3 Songs/Ram Sita - 14 Phere Mp3 Song/Ram Sita - 14 Phere 320 Kbps.mp3,Ram Sita - 14 Phere 128 Kbps.mp3
Zaroori Hai Female Version,1920 Horrors Of The Heart 320 Kbps.mp3,Palak Mucchal,2023,[8583.76 Kb],,,https://mazafree.com/file/560154/zaroori-hai-female-version-1920-horrors-of-the-heart-320-kbps.html,https://mazafree.com/load/Mp3 Audio Songs/2023 Bollywood Mp3 Music/1920 Horrors Of The Heart Mp3 Songs/Zaroori Hai Female Version - 1920 Horrors Of The Heart Mp3 Song/Zaroori Hai Female Version - 1920 Horrors Of The Heart 320 Kbps.mp3,Zaroori Hai Female Version - 1920 Horrors Of The Heart 128 Kbps.mp3
Aag Ka Dariya,14 Phere 128 Kbps.mp3,"Raajeev V Bhalla, Romy, Rajnigandha Shekhawat",2021,[3369.1 Kb],,,https://mazafree.com/file/539333/aag-ka-dariya-14-phere-128-kbps.html,https://mazafree.com/load/Mp3 Audio Songs/2021 Bollywood Mp3 Music/14 Phere Mp3 Songs/Aag Ka Dariya - 14 Phere Mp3 Song/Aag Ka Dariya - 14 Phere 128 Kbps.mp3,Aag Ka Dariya - 14 Phere 320 Kbps.mp3
Aag Ka Dariya,14 Phere 320 Kbps.mp3,"Raajeev V Bhalla, Romy, Rajnigandha Shekhawat",2021,[8326.45 Kb],,,https://mazafree.com/file/539334/aag-ka-dariya-14-phere-320-kbps.html,https://mazafree.com/load/Mp3 Audio Songs/2021 Bollywood Mp3 Music/14 Phere Mp3 Songs/Aag Ka Dariya - 14 Phere Mp3 Song/Aag Ka Dariya - 14 Phere 320 Kbps.mp3,Aag Ka Dariya - 14 Phere 128 Kbps.mp3
Aye Zindagi,1920 Horrors Of The Heart 320 Kbps.mp3,"Esha Gaur, Farhan Sabri",2023,[10681.46 Kb],,,https://mazafree.com/file/560144/aye-zindagi-1920-horrors-of-the-heart-320-kbps.html,https://mazafree.com/load/Mp3 Audio Songs/2023 Bollywood Mp3 Music/1920 Horrors Of The Heart Mp3 Songs/Aye Zindagi - 1920 Horrors Of The Heart Mp3 Song/Aye Zindagi - 1920 Horrors Of The Heart 320 Kbps.mp3,Aye Zindagi - 1920 Horrors Of The Heart 128 Kbps.mp3
